Domlock,Intention Lock,CALock
0.00825978,0.112787,0.00489425
0.0162606,0.199607,0.00841285
0.0215787,0.431657,0.00699617
0.0194433,0.92986,0.003387
0.0221051,1.73593,0.00511524
0.0222695,3.4842,0.00989822

