Domlock,Intention Lock,CALock
0.219962,0.0880272,0.206066
0.19119,0.0883522,0.126303
0.12944,0.0856258,0.0956713
0.0884167,0.0921002,0.0739848
0.0617783,0.0909796,0.066135
0.0515374,0.0870668,0.0641567
0.0351231,0.0943921,0.0650224
0.0392448,0.0907727,0.0607371

