Domlock,Intention Lock,CALock
0.0264954,0.0342832,0.034325
0.15507,0.039824,0.0991834
0.209329,0.0573897,0.184026
0.19342,0.0974541,0.204191
0.216775,0.155361,0.214042
0.222797,0.277354,0.201101
0.2053,0.556701,0.215375
0.25007,1.09271,0.433815

