Domlock,Intention Lock,CALock
0.0215804,0.10265,0.00468937
0.019468,0.201943,0.00271933
0.0228816,0.398719,0.00208052
0.026585,0.812714,0.00318092
0.0289008,1.70049,0.00522108
0.0308643,3.58449,0.0088782

