Domlock,Intention Lock,CALock
0.000391884,0.071143,0.000819397
0.000613966,0.103559,0.00128533
0.00203024,0.00375609,0.00152134
0.00201849,0.00586649,0.00276764
0.00201972,0.00957512,0.00218112
0.00202116,0.015903,0.0017702

