Domlock,Intention Lock,CALock
0.000377045,0.0660268,0.000709992
0.000620804,0.100654,0.00112957
0.00206633,0.00357063,0.0014212
0.00197107,0.00526548,0.00181896
0.00197116,0.00910423,0.00160996
0.00197298,0.0150756,0.00133589

