Domlock,Intention Lock,CALock
0.000262031,0.0137492,0.000257015
0.000245762,0.000229645,0.000270729
0.000250645,0.000273705,0.000295048
0.000253477,0.000329161,0.000341482
0.000254917,0.000405798,0.000473404
0.000253,0.000517521,0.000737524

