Domlock,Intention Lock,CALock
0.00198435,0.0260475,0.000870085
0.00199668,0.0432413,0.000647201
0.00197683,0.0676711,0.000723429
0.0019767,0.101211,0.00114959
0.0194333,0.0121798,0.0128888
0.0194106,0.0141541,0.0168567

