Domlock,Intention Lock,CALock
0.000266037,0.00267079,0.000731068
0.000294637,0.00496401,0.000305958
0.000250549,0.00865194,0.000349579
0.000274363,0.0148822,0.000365772
0.000274887,0.0254981,0.000457363
0.000280485,0.0429164,0.000575323

