Domlock,Intention Lock,CALock
0.000279713,0.00258369,0.000242672
0.000267973,0.00477851,0.000261908
0.000286217,0.00814203,0.000265656
0.000282393,0.0142887,0.000299196
0.000264673,0.0247126,0.000374508
0.000289602,0.0414745,0.000488215

