Domlock,Intention Lock,CALock
0.00105906,0.07918,0.00100509
0.0010574,0.102758,0.000842104
0.00106165,0.20176,0.000700636
0.00110047,0.35878,0.000499525
0.00115001,0.746881,0.000569829
0.0012112,1.549,0.000574017

