Domlock,Intention Lock,CALock
0.00201896,0.0265693,0.000910082
0.00201148,0.0449876,0.00071641
0.00203075,0.0708437,0.000812769
0.00204845,0.104506,0.00122661
0.0199868,0.0124773,0.0138856
0.0202394,0.0148678,0.0187562

