Domlock,Intention Lock,CALock
0.00853037,0.0836813,0.00447754
0.0218966,0.130747,0.00936588
0.0253006,0.226839,0.00826403
0.0276006,0.428717,0.00317259
0.0252258,0.856184,0.00512037
0.0250674,1.79323,0.0092956

