Domlock,Intention Lock,CALock
0.00197895,0.00111436,0.00125764
0.00197435,0.00120614,0.00233511
0.00197288,0.00134736,0.00142103
0.00196975,0.00145966,0.00199683
0.00197643,0.0015125,0.00226631
0.00197341,0.00158765,0.00260016

