Domlock,Intention Lock,CALock
0.0192498,0.0101204,0.00143392
0.0192387,0.0108167,0.00140316
0.0192178,0.0153857,0.00131059
0.0192357,0.0198144,0.00179472
0.0192532,0.028717,0.0159222
0.0192307,0.0252308,0.0155084

