Domlock,Intention Lock,CALock
0.164156,0.0764884,0.156994
0.139763,0.0777836,0.10952
0.104034,0.0783729,0.0885195
0.0753075,0.0770248,0.0722676
0.0592449,0.0782604,0.0684002
0.0570088,0.0773598,0.0640882
0.0466265,0.0752613,0.0648325
0.0492688,0.0744784,0.0650429

