Domlock,Intention Lock,CALock
0.348624,0.056703,0.196151
0.266321,0.0601476,0.108755
0.252546,0.0524586,0.0934238
0.272481,0.0529392,0.080612
0.171298,0.053943,0.0644546