Domlock,Intention Lock,CALock
0.329632,0.112903,0.327752
0.311364,0.112265,0.212281
0.281113,0.116433,0.157129
0.213007,0.111021,0.119149
0.117628,0.107813,0.0950999
0.0884492,0.109387,0.0890752
0.0674163,0.108071,0.0842286
0.0575309,0.105747,0.0831955

