Domlock,Intention Lock,CALock
0.0313818,0.00271277,0.00301495
0.0337274,0.00394711,0.00368016
0.0337274,0.00723768,0.00436727
0.0337274,0.012497,0.00574868
0.0337274,0.0217151,0.00824871
0.0337274,0.0395641,0.0129779
0.0337274,0.0623994,0.02321
0.0337274,0.0996825,0.0425206

