Domlock,Intention Lock,CALock
0.014595,0.0147122,0.0154246
0.0141615,0.013642,0.0154473
0.0131294,0.0131638,0.015439
0.0136907,0.0131191,0.0158132
0.0130424,0.0130027,0.0159363
0.0130228,0.0129868,0.0163421
0.0129615,0.0129628,0.0170004
0.0128244,0.0129705,0.0174536
0.01302,0.0131868,0.0182649
0.0130058,0.0130818,0.0187586
0.0129491,0.0131021,0.0204894
0.0130281,0.0144097,0.0275938

