Domlock,Intention Lock,CALock
0.171554,0.100421,0.150721
0.191159,0.103543,0.202694
0.192703,0.11308,0.232713
0.19284,0.140615,0.244549
0.192941,0.205489,0.232165
0.192907,0.288288,0.220044
0.192967,0.316185,0.211452
0.192956,0.396293,0.206239

