Domlock,Intention Lock,CALock
1.42358,0.014461,0.0104938
1.42358,0.0136582,0.010575
1.42358,0.0131474,0.0107114
1.42358,0.0131134,0.0109308
1.42358,0.0129826,0.0111728
1.42358,0.0130402,0.011315
1.42358,0.0129412,0.011487
1.42358,0.0129296,0.011212
1.42358,0.0129864,0.0115938
1.42358,0.0130558,0.0117332
1.42358,0.0131152,0.0126756
1.42358,0.0130868,0.0126756

