Domlock,Intention Lock,CALock
0.134913,0.0987416,0.120997
0.147631,0.101536,0.135382
0.157712,0.110551,0.143895
0.163271,0.122553,0.151859
0.166708,0.143694,0.159571
0.167124,0.164904,0.166044
0.167346,0.197741,0.175702
0.167619,0.234188,0.179746

