Domlock,Intention Lock,CALock
0.0174239,0.0115428,0.0180422
0.0193767,0.0132698,0.0194885
0.0197388,0.0170541,0.0308032
0.0196149,0.0245397,0.0346568
0.019632,0.0431503,0.0277095
0.0196248,0.0750903,0.0238956
0.0195553,0.128482,0.0263096
0.0196431,0.219211,0.0392959

