Domlock,Intention Lock,CALock
0.176859,0.101435,0.151934
0.196818,0.104351,0.192073
0.197783,0.11441,0.241231
0.200285,0.14175,0.247469
0.202536,0.217838,0.248083
0.200539,0.264657,0.247604
0.199339,0.324551,0.24179
0.197953,0.409438,0.254979

