Domlock,Intention Lock,CALock
0.013694,0.0112847,0.0147861
0.0150876,0.0127344,0.0166617
0.0160076,0.0177404,0.017366
0.0166284,0.0218878,0.0203409
0.0169756,0.0326618,0.0228784
0.0171112,0.0526769,0.0259706
0.0173313,0.0785644,0.0347281
0.0175266,0.109067,0.0500792

