Domlock,Intention Lock,CALock
0.0337274,0.0987416,0.120997
0.0337274,0.101536,0.135382
0.0337274,0.110551,0.143895
0.0337274,0.122553,0.151859
0.0337274,0.143694,0.159571
0.0337274,0.164904,0.166044
0.0337274,0.197741,0.175702
0.0337274,0.234188,0.179746

