Domlock,Intention Lock,CALock
0.0467459,0.0500513,0.0511541
0.12562,0.0551764,0.087593
0.159475,0.0654284,0.143741
0.162376,0.0772656,0.160064
0.160443,0.124866,0.162093
0.161584,0.220296,0.161482
0.153638,0.377048,0.157158
0.297057,0.814524,0.304359

