Domlock,Intention Lock,CALock
0.00178465,0.00271277,0.00301495
0.00178137,0.00394711,0.00368016
0.00195314,0.00723768,0.00436727
0.00224556,0.012497,0.00574868
0.00293689,0.0217151,0.00824871
0.0021497,0.0395641,0.0129779
0.00230121,0.0623994,0.02321
0.00346444,0.0996825,0.0425206

