Domlock,Intention Lock,CALock
0.00256473,0.00310828,0.00459942
0.00220733,0.00509597,0.00400869
0.00223125,0.0083136,0.0066537
0.00221499,0.0152585,0.00612641
0.00223137,0.039048,0.00634159
0.00226809,0.0677455,0.0108351
0.0022738,0.117557,0.0184608
0.0032671,0.203852,0.0287423

