Domlock,Intention Lock,CALock
0.00213789,0.00391741,0.00437778
0.00244962,0.00621572,0.00989543
0.00252704,0.010199,0.00924126
0.00249537,0.0181013,0.00664633
0.00238951,0.0327746,0.0082658
0.00252325,0.068058,0.0146368
0.00258696,0.128343,0.0166624
0.00361163,0.209573,0.028919

