Domlock,Intention Lock,CALock
0.0184022,0.012901,0.0157913
0.0200852,0.0154038,0.0256466
0.0200565,0.0209083,0.0417159
0.0200244,0.0306126,0.0417277
0.0200064,0.0493312,0.0243978
0.0199128,0.0901044,0.0213486
0.0200285,0.151902,0.0263088
0.019962,0.226595,0.038607

