Domlock,Intention Lock,CALock
0.04519,0.0501521,0.0507673
0.258812,0.0579466,0.168753
0.325143,0.0755889,0.288902
0.329301,0.112687,0.327894
0.329878,0.189592,0.330742
0.329804,0.365223,0.330612
0.330102,0.768639,0.338315
0.362994,1.63443,0.451567

